FID,ICEAREA,H,class_height,class_length
0,2898.939941,6.754750271,Small,Small
1,832.4710083,3.938888689,Bergy bit,Small
2,30.8202991,2.470718062,Bergy bit,Bergy bit
3,30911.5,14.97471761,Small,Large
4,1613.650024,2.55073635,Bergy bit,Small
5,40.540699,2.376013208,Bergy bit,Bergy bit
6,331090,46.85014162,Large,Very large
7,283.5920105,3.300512418,Bergy bit,Small
8,1680.530029,3.15780557,Bergy bit,Small
9,30.1399002,2.172152044,Bergy bit,Bergy bit
10,1371.599976,2.686894259,Bergy bit,Small
11,1450.349976,2.998929951,Bergy bit,Small
12,31.6811008,2.1011254,Bergy bit,Bergy bit
13,2008,4.270144713,Bergy bit,Small
14,152713,48.671424,Large,Very large
15,905.78302,2.902919703,Bergy bit,Small
16,1900.089966,2.953735937,Bergy bit,Small
17,5546.02002,5.347441098,Small,Medium
18,410.6239929,2.688178755,Bergy bit,Small
19,35.612999,2.288108354,Bergy bit,Bergy bit
20,72.4804001,2.416856848,Bergy bit,Bergy bit
21,324.8510132,2.526223294,Bergy bit,Small
22,144.4049988,2.471691184,Bergy bit,Bergy bit
23,60.722599,2.20653045,Bergy bit,Bergy bit
24,1702.199951,3.875745396,Bergy bit,Small
25,824.4569702,2.996708636,Bergy bit,Small
26,53.3986015,2.535355644,Bergy bit,Bergy bit
27,58.9272003,2.164643157,Bergy bit,Bergy bit
28,584.8579712,2.643933726,Bergy bit,Small
29,457.9620056,2.494614613,Bergy bit,Small
30,8300.480469,4.777507837,Bergy bit,Medium
31,434.6809998,2.417662844,Bergy bit,Small
32,1972.5,5.810598975,Small,Small
33,102.5250015,2.140986638,Bergy bit,Bergy bit
34,29608.30078,10.6543209,Small,Large
35,54.4693985,2.041443892,Bergy bit,Bergy bit
36,551.723999,2.533399335,Bergy bit,Small
37,457.9960022,2.945013465,Bergy bit,Small
38,929.0570068,3.685831152,Bergy bit,Small
39,3735.209961,2.96999105,Bergy bit,Medium
40,147.0859985,2.379624123,Bergy bit,Bergy bit
41,240027,37.59511027,Medium,Very large
42,204.3890076,2.294054964,Bergy bit,Bergy bit
43,622.4959717,3.375999739,Bergy bit,Small
44,36.710701,2.099871345,Bergy bit,Bergy bit
45,35.4487991,2.204243955,Bergy bit,Bergy bit
46,316.2879944,2.546695541,Bergy bit,Small
47,15885.09961,5.479053526,Small,Large
48,44.8529015,2.613456227,Bergy bit,Bergy bit
49,75.7870026,2.237207584,Bergy bit,Bergy bit
50,89.1565018,2.24921172,Bergy bit,Bergy bit
51,643.0269775,2.211481917,Bergy bit,Small
52,781.5700073,4.518191589,Bergy bit,Small
53,36.469799,2.276956057,Bergy bit,Bergy bit
54,466.3179932,2.717506022,Bergy bit,Small
55,6989.870117,9.742478247,Small,Medium
56,35.5698013,2.256127883,Bergy bit,Bergy bit
57,83.8548965,2.72942752,Bergy bit,Bergy bit
58,40.0536003,2.11383648,Bergy bit,Bergy bit
59,154708,22.38889512,Medium,Very large
60,56723,18.48103248,Medium,Very large
61,644.8179932,3.651480169,Bergy bit,Small
62,620.5419922,2.424716496,Bergy bit,Small
63,3364.830078,2.958715749,Bergy bit,Small
64,219.1790009,2.635558278,Bergy bit,Bergy bit
65,270.42099,2.598471477,Bergy bit,Small
66,1078.979981,2.996113591,Bergy bit,Small
67,300.6830139,2.455394478,Bergy bit,Small
68,104.2340012,2.215128275,Bergy bit,Bergy bit
69,5431.410156,8.439730269,Small,Medium
70,8449.139648,4.927112929,Bergy bit,Medium
71,1455.209961,2.98732484,Bergy bit,Small
72,971.4559937,1.752757416,Bergy bit,Small
73,1723.599976,2.62714454,Bergy bit,Small
74,2722.379883,4.5626586,Bergy bit,Small
75,1367.02002,1.338977395,Bergy bit,Small
76,2388.100098,6.671286216,Small,Small
77,2060.659912,2.126623172,Bergy bit,Small
78,5372.970215,4.647689175,Bergy bit,Medium
79,2669.100098,6.017191497,Small,Small
80,545.5709839,1.128831066,Bergy bit,Small
81,635.3859863,5.670920251,Small,Small
82,220.6450043,2.343638697,Bergy bit,Bergy bit
83,1173.810059,3.914774442,Bergy bit,Small
84,40.271801,2.209863217,Bergy bit,Bergy bit
85,309.5570068,2.297021388,Bergy bit,Small
86,11681.09961,6.818997705,Small,Medium
87,1559.449951,3.622820743,Bergy bit,Small
88,653.4559937,3.858003294,Bergy bit,Small
89,1024.75,3.740626186,Bergy bit,Small
90,973.6500244,5.728316311,Small,Small
91,758.8930054,2.014459038,Bergy bit,Small
92,1874.949951,2.505788025,Bergy bit,Small
93,467.82901,2.502397999,Bergy bit,Small
94,270.0140076,2.362343266,Bergy bit,Small
95,505.2749939,1.13480222,Bergy bit,Small
96,97.6648026,2.587955062,Bergy bit,Bergy bit
97,344.8919983,1.494025405,Bergy bit,Small
98,795.7050171,2.713005371,Bergy bit,Small
99,751.9050293,1.937936993,Bergy bit,Small
100,249.7120056,4.076691266,Bergy bit,Small
101,1073.829956,3.453369849,Bergy bit,Small
102,550.4060059,1.997055228,Bergy bit,Small
103,175.4029999,3.7304185,Bergy bit,Bergy bit
104,113.4889984,2.566340639,Bergy bit,Bergy bit
105,210.6959991,2.459236568,Bergy bit,Bergy bit
106,78.5952988,2.718074479,Bergy bit,Bergy bit
107,61.4107018,2.622521123,Bergy bit,Bergy bit
108,138.2290039,2.5538826,Bergy bit,Bergy bit
109,272.6809998,3.53572972,Bergy bit,Small
110,6093.27002,5.640317416,Small,Medium
111,1100.410034,4.711900374,Bergy bit,Small
112,156.0809937,2.255143063,Bergy bit,Bergy bit
113,1309.109985,3.747588901,Bergy bit,Small
114,870.6069946,4.05671797,Bergy bit,Small
115,48.5732002,2.31951151,Bergy bit,Bergy bit
116,117.7750015,2.364835231,Bergy bit,Bergy bit
117,3145.449951,6.143048113,Small,Small
118,1296.420044,3.545845525,Bergy bit,Small
119,200.6840057,2.39986639,Bergy bit,Bergy bit
120,698.4169922,4.250142216,Bergy bit,Small
121,1860.709961,4.65189943,Bergy bit,Small
122,3283.23999,4.227419054,Bergy bit,Small
123,22187.80078,12.34939601,Small,Large
124,458.4949951,3.60191385,Bergy bit,Small
125,150.7290039,2.204034586,Bergy bit,Bergy bit
126,2996.199951,4.583061348,Bergy bit,Small
127,2064.429932,3.385024255,Bergy bit,Small
128,111.0879974,2.72013453,Bergy bit,Bergy bit
129,46.7029991,2.23184208,Bergy bit,Bergy bit
130,13189.09961,13.58056452,Small,Medium
131,624.5380249,2.760259044,Bergy bit,Small
132,46.9532013,2.526060152,Bergy bit,Bergy bit
133,472.5409851,1.515616755,Bergy bit,Small
134,6864.77002,6.872841726,Small,Medium
135,53.8392982,2.295974368,Bergy bit,Bergy bit
136,6574.009766,8.431731135,Small,Medium
137,625.2039795,1.981225771,Bergy bit,Small
138,32.6977005,2.214995542,Bergy bit,Bergy bit
139,106.4509964,2.554847563,Bergy bit,Bergy bit
140,81.1408997,3.074060826,Bergy bit,Bergy bit
141,1611.630005,3.624003696,Bergy bit,Small
142,1906.300049,3.948241826,Bergy bit,Small
143,80.4735031,2.266084567,Bergy bit,Bergy bit
144,36.9798012,2.371880689,Bergy bit,Bergy bit
145,168.3849945,3.126804631,Bergy bit,Bergy bit
146,2294.320068,4.156498497,Bergy bit,Small
147,471.5130005,3.845807481,Bergy bit,Small
148,144.2960052,2.613205853,Bergy bit,Bergy bit
149,165.1710052,3.097051242,Bergy bit,Bergy bit
150,11265.7998,5.818732244,Small,Medium
151,5589.740234,6.789171479,Small,Medium
152,218.076004,2.404154167,Bergy bit,Bergy bit
153,283.3259888,2.4506969,Bergy bit,Small
154,170.4989929,2.205506513,Bergy bit,Bergy bit
155,442.1830139,3.312798258,Bergy bit,Small
156,524.0380249,2.93216218,Bergy bit,Small
157,60.2541008,2.324322513,Bergy bit,Bergy bit
158,69.4558029,2.091626579,Bergy bit,Bergy bit
159,1350.77002,3.669221275,Bergy bit,Small
160,4672.540039,4.420407462,Bergy bit,Medium
161,9028.469727,3.724797828,Bergy bit,Medium
162,11179.5,16.01974063,Medium,Medium
163,51.9687004,2.45137511,Bergy bit,Bergy bit
164,56.4137993,2.464543791,Bergy bit,Bergy bit
165,46.8142014,2.191423293,Bergy bit,Bergy bit
166,46.5008011,2.063116264,Bergy bit,Bergy bit
167,272.7799988,2.758751821,Bergy bit,Small
168,3995.26001,5.832482287,Small,Medium
169,243.5709991,2.603029882,Bergy bit,Small
170,89.9869995,2.503445393,Bergy bit,Bergy bit
171,13894.7998,10.31732319,Small,Medium
172,1823.550049,1.760283334,Bergy bit,Small
173,196.0590057,2.576592573,Bergy bit,Bergy bit
174,783.0040283,1.196391769,Bergy bit,Small
175,1269.719971,3.527076982,Bergy bit,Small
176,6972,10.01964092,Small,Medium
177,96.6364975,2.728332042,Bergy bit,Bergy bit
178,4073.699951,2.613384187,Bergy bit,Medium
179,314.4330139,2.666084116,Bergy bit,Small
180,206.8670044,2.288060876,Bergy bit,Bergy bit
181,694.0219727,2.600142254,Bergy bit,Small
182,85201.10156,24.46251472,Medium,Very large
183,358.7120056,2.683288561,Bergy bit,Small
184,1286.829956,3.476114952,Bergy bit,Small
185,983.5189819,4.031990467,Bergy bit,Small
186,15663,7.79518385,Small,Large
187,857.6270142,3.090461511,Bergy bit,Small
188,45.1244011,2.784516276,Bergy bit,Bergy bit
189,157.1239929,2.604162824,Bergy bit,Bergy bit
190,10530.90039,3.034649801,Bergy bit,Medium
191,2210.699951,3.414414209,Bergy bit,Small
192,32665.90039,15.26458614,Medium,Large
193,1197.98999,3.375302247,Bergy bit,Small
194,11820.09961,7.609310483,Small,Medium
195,1082.280029,4.743502872,Bergy bit,Small
196,195.9470062,2.500594118,Bergy bit,Bergy bit
197,40.2757988,2.234505587,Bergy bit,Bergy bit
198,294.8770142,1.699331674,Bergy bit,Small
199,228.8500061,4.342107564,Bergy bit,Small
200,983.210022,5.413627572,Small,Small
201,186.3130035,2.546281235,Bergy bit,Bergy bit
202,2055.419922,2.801326689,Bergy bit,Small
203,35.5387001,2.482681625,Bergy bit,Bergy bit
204,611.3099976,6.03791089,Small,Small
205,409.9299927,2.825074033,Bergy bit,Small
206,1187.23999,2.847574724,Bergy bit,Small
207,734.802002,2.680724626,Bergy bit,Small
208,2319.27002,7.622084553,Small,Small
209,3466.530029,3.730950421,Bergy bit,Small
210,620.4819946,2.694450539,Bergy bit,Small
211,63.3665009,2.596597352,Bergy bit,Bergy bit
212,2708.080078,6.807950087,Small,Small
213,480.2229919,3.456713255,Bergy bit,Small
214,38.1221008,2.214307356,Bergy bit,Bergy bit
215,346.8880005,3.199258967,Bergy bit,Small
216,3704.659912,4.741485118,Bergy bit,Medium
217,95.0934982,2.403389923,Bergy bit,Bergy bit
218,10023.7002,4.559028477,Bergy bit,Medium
219,373.9700012,2.673128641,Bergy bit,Small
220,56.1360016,2.358508977,Bergy bit,Bergy bit
221,76.8636017,2.315145341,Bergy bit,Bergy bit
222,1203.790039,4.004607869,Bergy bit,Small
223,5859.290039,6.365617052,Small,Medium
224,7352.790039,4.909215165,Bergy bit,Medium
225,39.3508987,2.174477232,Bergy bit,Bergy bit
226,175.246994,2.538798982,Bergy bit,Bergy bit
227,290.8869934,2.702710555,Bergy bit,Small
228,666.6290283,2.943347022,Bergy bit,Small
229,63.9897995,2.333932217,Bergy bit,Bergy bit
230,1471.699951,4.641604483,Bergy bit,Small
231,1637.73999,3.084764878,Bergy bit,Small
232,95.6100998,2.520117191,Bergy bit,Bergy bit
233,459.9240112,3.99946826,Bergy bit,Small
234,681.0369873,2.816255451,Bergy bit,Small
235,46.0591011,2.220519035,Bergy bit,Bergy bit
236,726.9110107,2.825240633,Bergy bit,Small
237,97.0403976,2.560277837,Bergy bit,Bergy bit
238,365.0960083,3.098050794,Bergy bit,Small
239,7082.609863,7.658443132,Small,Medium
240,46.6838989,2.245501403,Bergy bit,Bergy bit
241,2944.280029,5.575614199,Small,Small
242,389.4370117,3.76444603,Bergy bit,Small
243,251.5390015,2.302870735,Bergy bit,Small
244,55.3087997,2.160373545,Bergy bit,Bergy bit
245,33.4855003,2.156088134,Bergy bit,Bergy bit
246,292.9030151,2.384181763,Bergy bit,Small
247,40.6109009,2.228293825,Bergy bit,Bergy bit
248,41.1865997,2.277460618,Bergy bit,Bergy bit
249,3371.860107,4.455500999,Bergy bit,Small
250,8655.040039,10.11197291,Small,Medium
251,845.3549805,2.892526165,Bergy bit,Small
252,93.2939987,2.613157872,Bergy bit,Bergy bit
253,8504.55957,9.374584075,Small,Medium
254,112.5110016,2.348189788,Bergy bit,Bergy bit
255,199.276001,2.950711257,Bergy bit,Bergy bit
256,123.3840027,2.531213388,Bergy bit,Bergy bit
257,54.1897011,2.448266736,Bergy bit,Bergy bit
258,60.2731018,2.432622473,Bergy bit,Bergy bit
259,994.9370117,1.780394052,Bergy bit,Small
260,4518.129883,6.38622565,Small,Medium
261,1494.349976,2.571016433,Bergy bit,Small
262,4339.370117,4.75244581,Bergy bit,Medium
263,129.951004,2.251309553,Bergy bit,Bergy bit
264,29925.19922,10.97007302,Small,Large
265,515.5570068,3.030806362,Bergy bit,Small
266,10517.7998,11.42708388,Small,Medium
267,35.7454987,2.13609172,Bergy bit,Bergy bit
268,37.5091019,2.187494305,Bergy bit,Bergy bit
269,2857.76001,6.061029009,Small,Small
270,1542.26001,1.853096567,Bergy bit,Small
271,2456.560059,4.634589632,Bergy bit,Small
272,474.0180054,4.386109083,Bergy bit,Small
273,179.6100006,2.700394298,Bergy bit,Bergy bit
274,33.9166985,2.493092424,Bergy bit,Bergy bit
275,466.0509949,4.554910257,Bergy bit,Small
276,13535.90039,13.27016279,Small,Medium
277,8156.390137,12.3909637,Small,Medium
278,556.4639893,4.382555748,Bergy bit,Small
279,316.0820007,3.458842122,Bergy bit,Small
280,150.3090057,2.499947202,Bergy bit,Bergy bit
281,777.2109985,2.428655576,Bergy bit,Small
282,1790.170044,4.401831565,Bergy bit,Small
283,2307.370117,3.315392202,Bergy bit,Small
284,1444.660034,3.214819834,Bergy bit,Small
285,921.4310303,2.031072907,Bergy bit,Small
286,7755.819824,10.46539209,Small,Medium
287,312.1010132,2.632077112,Bergy bit,Small
288,1418.890015,2.465870172,Bergy bit,Small
289,146.3040009,3.279051617,Bergy bit,Bergy bit
290,10626.2002,6.173698959,Small,Medium
291,2282.659912,4.94836367,Bergy bit,Small
292,246.4620056,2.305996475,Bergy bit,Small
293,4341.629883,3.620485373,Bergy bit,Medium
294,850.5,3.900848912,Bergy bit,Small
295,190.8899994,2.982316824,Bergy bit,Bergy bit
296,34.966301,2.079029049,Bergy bit,Bergy bit
297,5581.479981,6.412129233,Small,Medium
298,377.3559875,3.074259809,Bergy bit,Small
299,3090.800049,2.387872972,Bergy bit,Small
300,942.5980225,2.885658,Bergy bit,Small
301,146.8659973,2.490358586,Bergy bit,Bergy bit
302,512.5739746,2.980386866,Bergy bit,Small
303,2686.26001,3.981330819,Bergy bit,Small
304,1057.530029,3.47285909,Bergy bit,Small
305,3163.830078,6.040323298,Small,Small
306,32.4580994,2.164471735,Bergy bit,Bergy bit
307,70.8647003,2.203703056,Bergy bit,Bergy bit
308,17462.59961,8.463731317,Small,Large
309,1340.73999,3.263948159,Bergy bit,Small
310,985.3460083,4.079230464,Bergy bit,Small
311,6284.229981,4.881530522,Bergy bit,Medium
312,630.3280029,3.359354408,Bergy bit,Small
313,6027.490234,5.379466976,Small,Medium
314,679.1290283,2.343101116,Bergy bit,Small
315,1546.48999,4.568489762,Bergy bit,Small
316,272.7659912,2.543623648,Bergy bit,Small
317,155.2440033,3.069847936,Bergy bit,Bergy bit
318,79.1326981,2.471560349,Bergy bit,Bergy bit
319,371.9259949,2.544065766,Bergy bit,Small
320,31.2907009,2.043951017,Bergy bit,Bergy bit
321,1870.209961,3.198961229,Bergy bit,Small
322,45.5647011,2.135731653,Bergy bit,Bergy bit
323,32.6464996,2.175761747,Bergy bit,Bergy bit
324,230.7709961,2.33853083,Bergy bit,Small
325,736.8220215,2.864857363,Bergy bit,Small
326,1067.5,3.720549503,Bergy bit,Small
327,623.0819702,0.953306226,Growler,Small
328,723.2000122,2.968472697,Bergy bit,Small
329,174.3899994,2.533593139,Bergy bit,Bergy bit
330,2614.229981,6.994414095,Small,Small
331,104.4909973,2.284295563,Bergy bit,Bergy bit
332,45.2006989,2.531223605,Bergy bit,Bergy bit
333,134.3139954,2.379930675,Bergy bit,Bergy bit
334,498.8429871,2.655549872,Bergy bit,Small
335,7540.600098,4.598353691,Bergy bit,Medium
336,5704.220215,4.790695467,Bergy bit,Medium
337,1842.040039,3.357730668,Bergy bit,Small
338,889.4819946,3.344151577,Bergy bit,Small
339,1320.439941,4.360900178,Bergy bit,Small
340,787.7130127,3.535509487,Bergy bit,Small
341,1526.619995,3.612980495,Bergy bit,Small
342,531.7869873,2.732349573,Bergy bit,Small
343,489.4809875,3.275165022,Bergy bit,Small
344,80072.5,18.47233678,Medium,Very large
345,8751.830078,14.96942286,Small,Medium
346,119.2740021,2.514044311,Bergy bit,Bergy bit
347,63.4728012,2.646834177,Bergy bit,Bergy bit
348,139.1929932,2.56632915,Bergy bit,Bergy bit
349,1818.890015,1.492666449,Bergy bit,Small
350,3356.439941,0.556638564,Growler,Small
351,35.6450005,2.691414767,Bergy bit,Bergy bit
352,9057.480469,7.885543129,Small,Medium
353,105.6539993,2.424081475,Bergy bit,Bergy bit
354,1555.530029,3.857630552,Bergy bit,Small
355,731.3699951,2.489881996,Bergy bit,Small
356,4198.779785,3.290040152,Bergy bit,Medium
357,1803.76001,6.904930105,Small,Small
358,525.7290039,4.29807601,Bergy bit,Small
359,269.276001,2.456306882,Bergy bit,Small
360,61.0116005,2.255782049,Bergy bit,Bergy bit
361,151.7949982,2.827415134,Bergy bit,Bergy bit
362,183.720993,2.976008098,Bergy bit,Bergy bit
363,4112.5,4.427485298,Bergy bit,Medium
364,124.1689987,2.680229327,Bergy bit,Bergy bit
365,3063.979981,5.270138804,Small,Small
366,1264.459961,2.945100229,Bergy bit,Small
367,3036.780029,3.93553412,Bergy bit,Small
368,965.8939819,1.39785398,Bergy bit,Small
369,4949.720215,7.573509211,Small,Medium
370,1225.530029,1.829826076,Bergy bit,Small
371,1658.670044,1.856986794,Bergy bit,Small
372,1280.660034,1.60811474,Bergy bit,Small
373,8671.820313,9.877686844,Small,Medium
374,1257.550049,0.580527945,Growler,Small
375,4748.430176,4.793083543,Bergy bit,Medium
376,1279.01001,0.867151828,Growler,Small
377,4968.870117,2.592258337,Bergy bit,Medium
378,721.1140137,3.669222143,Bergy bit,Small
379,4043.610107,13.13545473,Small,Medium
380,6476.959961,18.02800921,Medium,Medium
381,33598,9.708692249,Small,Large
382,2025.579956,5.333187413,Small,Small
383,6194.939941,5.396632189,Small,Medium
384,6039.279785,4.845876395,Bergy bit,Medium
385,2217.050049,1.60822337,Bergy bit,Small
386,2170.929932,0.587072093,Growler,Small
387,4742.479981,0.588584976,Growler,Medium
388,29370.80078,14.84916745,Small,Large
389,20685.69922,5.028528414,Small,Large
390,3199.320068,2.142476729,Bergy bit,Small
391,8209.620117,6.493379975,Small,Medium
392,1112.869995,0.808330725,Growler,Small
393,2526.070068,1.45671674,Bergy bit,Small
394,762.2199707,2.203013335,Bergy bit,Small
395,567.8280029,4.672449182,Bergy bit,Small
396,2847.860107,5.984657899,Small,Small
397,2797.02002,7.17628166,Small,Small
398,283.4169922,2.780777766,Bergy bit,Small
399,1577.900024,2.004520119,Bergy bit,Small
400,856.2910156,3.22961794,Bergy bit,Small
401,905.4019775,2.812771812,Bergy bit,Small
402,2615.719971,5.145865987,Small,Small
403,1565.209961,3.244751835,Bergy bit,Small
404,1098.170044,4.428173052,Bergy bit,Small
405,167.8659973,2.748996413,Bergy bit,Bergy bit
406,49.3172989,2.429534607,Bergy bit,Bergy bit
407,3586.98999,3.521367341,Bergy bit,Small
408,734.4039917,2.5626805,Bergy bit,Small
409,505.7229919,2.888441293,Bergy bit,Small
410,129.8880005,2.306593506,Bergy bit,Bergy bit
411,75.7494965,2.463076435,Bergy bit,Bergy bit
412,465.3970032,3.249251577,Bergy bit,Small
413,1669.400024,3.472900498,Bergy bit,Small
414,25539.59961,10.36061139,Small,Large
415,343.7929993,3.000587426,Bergy bit,Small
416,233.3390045,2.591646166,Bergy bit,Small
417,1855.229981,7.488930898,Small,Small
418,384.6719971,2.236189451,Bergy bit,Small
419,167.3710022,3.601195038,Bergy bit,Bergy bit
420,193.1150055,3.057684717,Bergy bit,Bergy bit
421,870.2000122,4.000354674,Bergy bit,Small
422,138.3329926,2.662571387,Bergy bit,Bergy bit
423,32.9860001,2.224330509,Bergy bit,Bergy bit
424,479.8259888,2.374128174,Bergy bit,Small
425,36.2160988,2.204722801,Bergy bit,Bergy bit
426,138.9589996,2.389131409,Bergy bit,Bergy bit
427,2490.77002,4.44855693,Bergy bit,Small
428,82.3384018,2.557706873,Bergy bit,Bergy bit
429,7621.689941,9.506870558,Small,Medium
430,212.9369965,2.701408155,Bergy bit,Bergy bit
431,42.9622002,2.350998942,Bergy bit,Bergy bit
432,264.7650146,3.308549568,Bergy bit,Small
433,644.7750244,3.566489797,Bergy bit,Small
434,745.4799805,3.527243907,Bergy bit,Small
435,3580.050049,4.304576957,Bergy bit,Small
436,30.1413994,2.387941641,Bergy bit,Bergy bit
437,33.9775009,2.205838025,Bergy bit,Bergy bit
438,34.4031982,2.140900823,Bergy bit,Bergy bit
439,1476.949951,4.377597498,Bergy bit,Small
440,10297.2998,5.242125183,Small,Medium
441,31.3339996,2.476736384,Bergy bit,Bergy bit
442,315.4570007,2.851005418,Bergy bit,Small
443,694.4710083,3.148784078,Bergy bit,Small
444,121.1559982,2.495044881,Bergy bit,Bergy bit
445,8656.519531,6.061958382,Small,Medium
446,3768.840088,4.61631863,Bergy bit,Medium
447,5993.470215,5.623234408,Small,Medium
448,370.7669983,3.014679302,Bergy bit,Small
449,478.7309875,2.943833226,Bergy bit,Small
450,167.2129974,3.628964715,Bergy bit,Bergy bit
451,3428.969971,2.811389502,Bergy bit,Small
452,373.2999878,3.411674519,Bergy bit,Small
453,248.4109955,4.858593267,Bergy bit,Small
454,389.2260132,4.647275755,Bergy bit,Small
455,1229.839966,6.338618665,Small,Small
456,91.7061005,6.899276871,Small,Bergy bit
457,63.634201,7.299521411,Small,Bergy bit
458,748.3319702,9.334469262,Small,Small
459,142.1580048,3.260500577,Bergy bit,Bergy bit
460,867.2520142,2.840031599,Bergy bit,Small
461,106.9319992,2.296586786,Bergy bit,Bergy bit
462,105.7419968,1.498649582,Bergy bit,Bergy bit
463,251.177002,2.991196963,Bergy bit,Small
464,72.9392014,1.755137269,Bergy bit,Bergy bit
465,90.2779999,1.398112378,Bergy bit,Bergy bit
466,40.3353004,2.961436609,Bergy bit,Bergy bit
467,30.0403996,2.869984528,Bergy bit,Bergy bit
468,162.6260071,2.03079572,Bergy bit,Bergy bit
469,71.7617035,1.762353661,Bergy bit,Bergy bit
470,91.6710968,0.807993872,Growler,Bergy bit
471,43.8140984,0.425428215,Growler,Bergy bit
472,101.3580017,0.775307956,Growler,Bergy bit
473,82.9291992,1.049254545,Bergy bit,Bergy bit
474,45.8796005,0.739091817,Growler,Bergy bit
475,53.162899,0.426613073,Growler,Bergy bit
476,147.5939941,0.491973814,Growler,Bergy bit
477,33.3497009,1.621242796,Bergy bit,Bergy bit
478,1838.280029,7.858164282,Small,Small
479,5036.180176,7.833645913,Small,Medium
480,1698.410034,3.886712423,Bergy bit,Small
481,387.2659912,4.002754951,Bergy bit,Small
482,628.3259888,3.459239059,Bergy bit,Small
483,1936.75,4.025057404,Bergy bit,Small
484,634.59198,3.854568824,Bergy bit,Small
485,1864.26001,5.587457188,Small,Small
486,784.1859741,1.566632448,Bergy bit,Small
487,1013.150024,1.751290544,Bergy bit,Small
488,155.2250061,0.941201885,Growler,Bergy bit
489,231.8390045,1.763939483,Bergy bit,Small
490,162.5240021,1.229402465,Bergy bit,Bergy bit
491,2143.590088,0.700147262,Growler,Small
492,563.5930176,0.979417195,Growler,Small
493,148.5500031,0.482298712,Growler,Bergy bit
494,62.111599,0.590751577,Growler,Bergy bit
495,262.7780151,1.832466496,Bergy bit,Small
496,1015.01001,0.957180021,Growler,Small
497,437.5289917,0.717058946,Growler,Small
498,903.8319702,0.625103969,Growler,Small
499,296.8200073,1.254203884,Bergy bit,Small
500,101.2480011,0.479437396,Growler,Bergy bit
501,416.4830017,1.234361742,Bergy bit,Small
502,531.4970093,1.326712062,Bergy bit,Small
503,99.3506012,0.865401459,Growler,Bergy bit
504,308.2569885,0.552543633,Growler,Small
505,498.4070129,0.621338575,Growler,Small
506,350.9679871,2.628457247,Bergy bit,Small
507,197.7980042,0.632286648,Growler,Bergy bit
508,276.321991,1.320111381,Bergy bit,Small
509,485.4179993,0.535431374,Growler,Small
510,4592.029785,0.896169674,Growler,Medium
511,509.0650024,1.131885632,Bergy bit,Small
512,726.0239868,1.464849452,Bergy bit,Small
513,497.5750122,0.726419495,Growler,Small
514,1153.530029,2.783020383,Bergy bit,Small
515,147.6399994,0.187130923,Growler,Bergy bit
516,1191.859985,0.684187026,Growler,Small
517,371.7950134,1.328799939,Bergy bit,Small
518,482.2969971,0.643093454,Growler,Small
519,484.8169861,0.622087775,Growler,Small
520,107.5270004,2.86869159,Bergy bit,Bergy bit
521,2316.899902,0.780248873,Growler,Small
522,382.3299866,2.195633261,Bergy bit,Small
523,252.3320007,0.464727768,Growler,Small
524,144.4199982,1.859128186,Bergy bit,Bergy bit
525,97.5164032,0.278923476,Growler,Bergy bit
526,59.9939995,1.922572852,Bergy bit,Bergy bit
527,1504.01001,2.272821939,Bergy bit,Small
528,109.6800003,0.21392992,Growler,Bergy bit
529,290.947998,0.297542615,Growler,Small
530,5735.339844,10.42760946,Small,Medium
531,546.9810181,0.188901442,Growler,Small
532,3444.540039,3.022399254,Bergy bit,Small
533,433.1539917,1.285832496,Bergy bit,Small
534,486.1470032,3.053014316,Bergy bit,Small
535,872.0479736,0.698731835,Growler,Small
536,375.2250061,2.606269319,Bergy bit,Small
537,481.8070068,5.594059137,Small,Small
538,236.6159973,0.65806549,Growler,Small
539,56.3886986,1.650112881,Bergy bit,Bergy bit
540,259.9360046,1.054970453,Bergy bit,Small
541,676.4979858,2.045232529,Bergy bit,Small
542,1229.280029,0.400157399,Growler,Small
543,717.09198,1.414720466,Bergy bit,Small
544,1063.130005,0.169590753,Growler,Small
545,98.4615021,0.548539415,Growler,Bergy bit
546,231.75,1.419528985,Bergy bit,Small
547,172.701004,0.704984499,Growler,Bergy bit
548,82.675499,1.620573879,Bergy bit,Bergy bit
549,468.8559875,4.468801648,Bergy bit,Small
550,771.1359863,0.394559956,Growler,Small
551,281.8779907,0.929955296,Growler,Small
552,396.1820068,1.143315985,Bergy bit,Small
553,2049.77002,0.376110496,Growler,Small
554,1885.579956,1.318657387,Bergy bit,Small
555,2486.459961,2.145267584,Bergy bit,Small
556,2452.26001,4.357829101,Bergy bit,Small
557,2309.870117,1.160626084,Bergy bit,Small
558,1802.060059,0.824798598,Growler,Small
559,1449.660034,6.052633114,Small,Small
560,463.0109863,4.93820443,Bergy bit,Small
561,1378.670044,2.597353469,Bergy bit,Small
562,898.5789795,0.934360417,Growler,Small
563,968.0239868,1.060010234,Bergy bit,Small
564,1178.180054,2.055398691,Bergy bit,Small
565,296.5400085,0.918820261,Growler,Small
566,718.9470215,0.964936552,Growler,Small
567,578.0980225,0.220890187,Growler,Small
568,733.6480103,0.811301739,Growler,Small
569,623.2600098,1.266788836,Bergy bit,Small
570,292.0509949,0.502720899,Growler,Small
571,758.565979,0.540095917,Growler,Small
572,126.5879974,1.131644363,Bergy bit,Bergy bit
573,291.4450073,1.075378649,Bergy bit,Small
574,165.2460022,1.18873452,Bergy bit,Bergy bit
575,141.2960052,1.794451462,Bergy bit,Bergy bit
576,144.3410034,0.380168886,Growler,Bergy bit
577,249.1029968,0.760316186,Growler,Small
578,352.1149902,1.147923672,Bergy bit,Small
579,316.6900024,1.4783192,Bergy bit,Small
580,228.6289978,0.223517056,Growler,Small
581,499.7770081,1.25077387,Bergy bit,Small
582,702.802002,1.16092885,Bergy bit,Small
583,1019.830017,0.514380792,Growler,Small
584,343.8179932,1.091877114,Bergy bit,Small
585,340.8389893,2.095537058,Bergy bit,Small
586,347.2229919,0.275426592,Growler,Small
587,723.539978,2.093698813,Bergy bit,Small
588,115.6500015,0.244848668,Growler,Bergy bit
589,541.276001,0.35420361,Growler,Small
590,95.7438965,0.264175346,Growler,Bergy bit
591,328.3380127,0.264914367,Growler,Small
592,190.8829956,2.309854549,Bergy bit,Bergy bit
593,468.1459961,0.413590463,Growler,Small
594,854.2310181,3.86719582,Bergy bit,Small
595,666.0239868,2.653684934,Bergy bit,Small
596,221.2149963,0.529872279,Growler,Bergy bit
597,357.3389893,0.528713963,Growler,Small
598,192.0579987,1.049632695,Bergy bit,Bergy bit
599,410.730011,0.908040692,Growler,Small
600,141.8690033,0.40529617,Growler,Bergy bit
601,376.8909912,1.265243141,Bergy bit,Small
602,130.9259949,1.925426628,Bergy bit,Bergy bit
603,131.6519928,1.629249253,Bergy bit,Bergy bit
604,370.5339966,0.859692794,Growler,Small
605,292.9339905,0.686299078,Growler,Small
606,119.8649979,0.649567245,Growler,Bergy bit
607,393.0759888,0.677344602,Growler,Small
608,576.9429932,0.908796492,Growler,Small
609,625.8590088,0.509607032,Growler,Small
610,704.322998,4.144197459,Bergy bit,Small
611,340.7829895,0.191625007,Growler,Small
612,158.6320038,0.506658081,Growler,Bergy bit
613,253.0370026,0.351168293,Growler,Small
614,236.9210052,1.972027064,Bergy bit,Small
615,933.6710205,0.679838511,Growler,Small
616,261.026001,2.646699274,Bergy bit,Small
617,353.6549988,0.794826594,Growler,Small
618,284.8039856,0.524307151,Growler,Small
619,238.6849976,0.458387615,Growler,Small
620,263.6719971,0.387902579,Growler,Small
621,237.6309967,1.882296196,Bergy bit,Small
622,373.375,0.599217625,Growler,Small
623,721.6339722,0.467417023,Growler,Small
624,609.802002,0.572444054,Growler,Small
625,291.8139954,1.540635295,Bergy bit,Small
626,216.4539948,2.432138217,Bergy bit,Bergy bit
627,112.3880005,1.158256715,Bergy bit,Bergy bit
628,1443.420044,1.002314531,Bergy bit,Small
629,432.125,0.853380864,Growler,Small
630,1085.130005,0.208697258,Growler,Small
631,1628.660034,0.797435871,Growler,Small
632,547.9000244,0.363981309,Growler,Small
633,3209.120117,5.842058462,Small,Small
634,589.0100098,0.339655402,Growler,Small
635,2186.399902,0.731979744,Growler,Small
636,141.0169983,1.033770027,Bergy bit,Bergy bit
637,243.7279968,2.733499245,Bergy bit,Small
638,1944.319946,4.480494303,Bergy bit,Small
639,762.7769775,1.897979781,Bergy bit,Small
640,11669.59961,1.515025633,Bergy bit,Medium
641,392.1600037,1.440420508,Bergy bit,Small
642,624.0560303,1.648520953,Bergy bit,Small
643,1804.75,0.813438212,Growler,Small
644,344.8039856,0.331753087,Growler,Small
645,2745.860107,0.214753659,Growler,Small
646,1825.719971,0.506947842,Growler,Small
647,8983.450195,3.415011377,Bergy bit,Medium
648,4219.069824,1.341557307,Bergy bit,Medium
649,3097.159912,4.049587999,Bergy bit,Small
650,1773.910034,0.482842526,Growler,Small
651,2410.51001,11.68713628,Small,Small
652,7108.600098,1.605128644,Bergy bit,Medium
653,787.8800049,2.25433622,Bergy bit,Small
654,1131.780029,1.404354957,Bergy bit,Small
655,308.3479919,0.958475331,Growler,Small
656,604.3369751,0.271966976,Growler,Small
657,1919.579956,6.498334394,Small,Small
658,954.8280029,0.76197943,Growler,Small
659,465.2160034,0.257776412,Growler,Small
660,648.4559937,1.994632375,Bergy bit,Small
661,241.625,0.953675835,Growler,Small
662,369.2390137,1.674134164,Bergy bit,Small
663,547.0859985,0.665100305,Growler,Small
664,5457.350098,2.402207982,Bergy bit,Medium
665,4769.27002,3.786703629,Bergy bit,Medium
666,2614.25,3.450077738,Bergy bit,Small
667,836.835022,0.299726302,Growler,Small
668,318.7279968,2.120943849,Bergy bit,Small
669,2319.159912,1.393035175,Bergy bit,Small
670,1333.310059,1.301710314,Bergy bit,Small
671,3981.290039,4.647883449,Bergy bit,Medium
672,345.9719849,0.620084638,Growler,Small
673,100.4300003,0.500296036,Growler,Bergy bit
674,12285.5,6.090506528,Small,Medium
675,731.3300171,1.101648541,Bergy bit,Small
676,335.8819885,0.349947867,Growler,Small
677,189.572998,1.833971109,Bergy bit,Bergy bit
678,252.7169952,0.688866858,Growler,Small
679,287.5090027,2.097055114,Bergy bit,Small
680,97.7573013,0.736471355,Growler,Bergy bit
681,45.350399,0.610728521,Growler,Bergy bit
682,594.848999,0.887995883,Growler,Small
683,595.6630249,0.968054569,Growler,Small
684,537.7659912,2.425093784,Bergy bit,Small
685,2104.919922,2.04122444,Bergy bit,Small
686,798.0009766,1.748516579,Bergy bit,Small
687,1094.089966,1.096702124,Bergy bit,Small
688,167.4680023,1.350752141,Bergy bit,Bergy bit
689,17071.40039,5.322568085,Small,Large
690,2875.300049,8.665702613,Small,Small
691,2631.610107,5.985160659,Small,Small
692,1898.479981,3.712461601,Bergy bit,Small
693,2131.879883,7.163246469,Small,Small
694,3058.5,7.219709163,Small,Small
695,1469.890015,3.971582577,Bergy bit,Small
696,5472.5,8.481996729,Small,Medium
697,4284.680176,8.910495462,Small,Medium
698,3569.969971,8.25819901,Small,Small
699,1062.369995,5.273374901,Small,Small
700,583.4450073,3.727389923,Bergy bit,Small
701,3052.310059,3.809462254,Bergy bit,Small
702,7858.729981,8.399074806,Small,Medium
703,391.92099,6.533221318,Small,Small
704,1882.209961,3.322859872,Bergy bit,Small
705,965.9589844,4.587855624,Bergy bit,Small
706,2250.300049,6.622931897,Small,Small
707,862.7520142,3.984875457,Bergy bit,Small
708,11021.59961,11.70353896,Small,Medium
709,3277.77002,3.836295923,Bergy bit,Small
710,68044.20313,15.127456,Medium,Very large
711,11109,10.73523126,Small,Medium
712,101.7870026,3.129780219,Bergy bit,Bergy bit
713,207.4940033,2.834744132,Bergy bit,Bergy bit
714,2701.659912,4.865116345,Bergy bit,Small
715,142713,34.06678135,Medium,Very large
716,3330.399902,8.310867258,Small,Small
717,44324.39844,17.29437822,Medium,Large
718,3009.76001,6.983476669,Small,Small
719,3578.77002,7.470700712,Small,Small
720,1264.099976,4.644158472,Bergy bit,Small
721,366.368988,4.083178526,Bergy bit,Small
722,1013.030029,5.490513307,Small,Small
723,9748.360352,6.804999486,Small,Medium
724,477.7820129,3.367985044,Bergy bit,Small
725,809.6469727,4.327739441,Bergy bit,Small
726,482.5939941,4.250843738,Bergy bit,Small
727,1450.280029,3.958402471,Bergy bit,Small
728,296.197998,3.276016678,Bergy bit,Small
729,6021.939941,12.52818079,Small,Medium
730,3737.409912,7.10638173,Small,Medium
731,10957.2998,14.82658031,Small,Medium
732,1504.619995,3.571297637,Bergy bit,Small
733,436.2709961,3.031489166,Bergy bit,Small
734,450.6000061,3.741738492,Bergy bit,Small
735,3543.929932,4.8703193,Bergy bit,Small
736,9807.320313,12.38533185,Small,Medium
737,1715.5,5.397074613,Small,Small
738,284.6669922,4.683588241,Bergy bit,Small
739,1662.880005,6.590595118,Small,Small
740,1115.589966,7.858606616,Small,Small
741,727.3920288,9.625659877,Small,Small
742,8761.080078,8.569320125,Small,Medium
743,10235.59961,13.7651899,Small,Medium
744,10001,12.71013603,Small,Medium
745,1598.290039,6.126090501,Small,Small
746,2556.100098,6.343554318,Small,Small
747,3811.310059,5.032266144,Small,Medium
748,2450.110107,7.712924418,Small,Small
749,1170.719971,3.603584454,Bergy bit,Small
750,2931.179932,7.641910091,Small,Small
751,727.117981,2.954005856,Bergy bit,Small
752,6064.970215,10.01029232,Small,Medium
753,10949.7998,7.541067897,Small,Medium
754,8645.009766,6.071441574,Small,Medium
755,3446.469971,10.63494049,Small,Small
756,2475.919922,4.901131651,Bergy bit,Small
757,16901.40039,11.80291475,Small,Large
758,7454.089844,9.127271059,Small,Medium
759,3300.300049,4.629384798,Bergy bit,Small
760,1665.229981,5.431447532,Small,Small
761,13904.7002,11.96216743,Small,Medium
762,3262.340088,5.13225013,Small,Small
763,528.348999,3.39574994,Bergy bit,Small
764,753.5880127,3.510990994,Bergy bit,Small
765,812.9990234,2.950989565,Bergy bit,Small
766,69.2886963,2.359812343,Bergy bit,Bergy bit
767,20870.90039,10.94519645,Small,Large
768,1165.079956,3.053978411,Bergy bit,Small
769,34175.39844,23.89058372,Medium,Large
770,28428.19922,17.20990789,Medium,Large
771,12905.7998,12.86198702,Small,Medium
772,716.0159912,3.087592988,Bergy bit,Small
773,14031.7998,8.581765776,Small,Medium
774,959.2819824,3.220789262,Bergy bit,Small
775,9992.5,10.24201725,Small,Medium
776,3561.159912,7.040344722,Small,Small
777,203.3419952,3.829148062,Bergy bit,Bergy bit
778,96.1695023,3.025931256,Bergy bit,Bergy bit
779,428.5849915,2.656796061,Bergy bit,Small
780,24333.30078,22.86213209,Medium,Large
781,1360.030029,2.986497404,Bergy bit,Small
782,7140.890137,9.246744841,Small,Medium
783,4379.5,8.064754588,Small,Medium
784,3746.340088,6.814378343,Small,Medium
785,17932.30078,13.60200102,Small,Large
786,1442.969971,5.362939035,Small,Small
787,18684.80078,10.60417508,Small,Large
788,8592.650391,6.121438925,Small,Medium
789,5215.899902,3.772443065,Bergy bit,Medium
790,8711.509766,2.805169083,Bergy bit,Medium
791,6239.370117,7.777488966,Small,Medium
792,19707.09961,13.83790774,Small,Large
793,5350,8.564825743,Small,Medium
794,38452.10156,16.96711955,Medium,Large
795,14837.09961,14.0476735,Small,Medium
796,60452.5,15.36205817,Medium,Very large
797,1389.089966,3.974177415,Bergy bit,Small
798,1914.380005,4.441358649,Bergy bit,Small
799,39249,18.06832625,Medium,Large
800,1163.209961,3.702464212,Bergy bit,Small
801,4660.890137,5.348045848,Small,Medium
802,2309.570068,4.479913838,Bergy bit,Small
803,268.5939941,3.371401563,Bergy bit,Small
804,1169.579956,3.227351478,Bergy bit,Small
805,1582.430054,5.545983638,Small,Small
806,2555.310059,3.28340348,Bergy bit,Small
807,702.0059814,6.192016562,Small,Small
808,18066.80078,8.904408129,Small,Large
809,105.5559998,4.855487196,Bergy bit,Bergy bit
810,885.5300293,3.378117252,Bergy bit,Small
811,313.821991,3.010549299,Bergy bit,Small
812,2703.439941,5.066517598,Small,Small
813,1119.859985,5.157364914,Small,Small
814,317.2080078,5.661675719,Small,Small
815,462.3590088,5.217291603,Small,Small
816,1033.900024,3.177990372,Bergy bit,Small
817,1230.689941,5.233500354,Small,Small
818,1775.579956,7.033118563,Small,Small
819,372.8840027,2.834489171,Bergy bit,Small
820,25472.09961,19.82690923,Medium,Large
821,65007.39844,16.97518782,Medium,Very large
822,7722.600098,10.78504747,Small,Medium
823,25952.19922,15.52785581,Medium,Large
824,6345.149902,11.36839486,Small,Medium
825,57542.60156,28.4001317,Medium,Very large
826,3411.600098,6.46320326,Small,Small
827,1174.709961,5.784411303,Small,Small
828,1700.25,5.672560872,Small,Small
829,406.3770142,4.008720562,Bergy bit,Small
830,68504.39844,23.23258706,Medium,Very large
831,617.7559814,5.845554107,Small,Small
832,11681.90039,8.773724881,Small,Medium
833,502976,48.65712047,Large,Very large
834,1204.319946,4.704215048,Bergy bit,Small
835,588.7739868,2.855795939,Bergy bit,Small
836,1389.560059,4.025946263,Bergy bit,Small
837,1936.719971,2.827339194,Bergy bit,Small
838,726.59198,4.22956491,Bergy bit,Small
839,6697.299805,6.729546831,Small,Medium
840,2374.27002,4.724437458,Bergy bit,Small
841,336.3819885,4.210283373,Bergy bit,Small
842,543.8380127,3.23132682,Bergy bit,Small
843,703.4530029,2.636904322,Bergy bit,Small
844,386.0329895,3.492236014,Bergy bit,Small
845,602.3060303,2.807300202,Bergy bit,Small
846,648.9099731,6.816226934,Small,Small
847,4942.540039,5.409128255,Small,Medium
848,3610,6.289157103,Small,Medium
849,9391.25,6.990981906,Small,Medium
850,4630.029785,3.933594385,Bergy bit,Medium
851,796.7230225,1.905005558,Bergy bit,Small
852,965.7310181,1.360307328,Bergy bit,Small
853,423.5169983,1.969126506,Bergy bit,Small
854,240.4309998,2.804471891,Bergy bit,Small
855,202.7680054,2.366711402,Bergy bit,Bergy bit
856,123.4550018,1.364009522,Bergy bit,Bergy bit
857,115.8899994,1.417304403,Bergy bit,Bergy bit
858,153.7649994,0.556207899,Growler,Bergy bit
859,260.4869995,1.385345137,Bergy bit,Small
860,161.151001,1.282039014,Bergy bit,Bergy bit
861,90.0959015,1.651229291,Bergy bit,Bergy bit
862,1062.01001,2.295570684,Bergy bit,Small
863,333.9219971,2.176609759,Bergy bit,Small
864,716.7349854,1.94002145,Bergy bit,Small
865,527.9580078,1.030946727,Bergy bit,Small
866,68.6156998,1.209944544,Bergy bit,Bergy bit
867,33.9522018,2.668507795,Bergy bit,Bergy bit
868,291.8760071,3.128758012,Bergy bit,Small
869,547.0720215,2.796871546,Bergy bit,Small
870,344.7430115,3.705986076,Bergy bit,Small
871,1031.030029,3.65159502,Bergy bit,Small
872,521.0419922,3.543872991,Bergy bit,Small
873,665.8099976,3.329126943,Bergy bit,Small
874,514.5889893,3.12542006,Bergy bit,Small
875,359.1570129,2.452819158,Bergy bit,Small
876,100.5699997,3.088423859,Bergy bit,Bergy bit
877,1047.48999,2.555921285,Bergy bit,Small
878,36.385601,1.22764314,Bergy bit,Bergy bit
879,210.7489929,0.490876017,Growler,Bergy bit
880,1253.050049,1.016940471,Bergy bit,Small
881,109.9670029,1.156978628,Bergy bit,Bergy bit
882,67.8093033,1.22673669,Bergy bit,Bergy bit
883,56.1604996,0.764158864,Growler,Bergy bit
884,75.1513977,1.110501012,Bergy bit,Bergy bit
885,385.0589905,0.233630891,Growler,Small
886,2087.149902,0.752335386,Growler,Small
887,1492.880005,0.655756655,Growler,Small
888,2542.429932,1.505604853,Bergy bit,Small
889,334.0960083,0.389210919,Growler,Small
890,542.1859741,3.096835612,Bergy bit,Small
891,2362.479981,0.990374517,Growler,Small
892,2853.179932,1.614578904,Bergy bit,Small
893,136.9290009,0.991946851,Growler,Bergy bit
894,855.0360107,0.32539101,Growler,Small
895,188.5919952,3.482317918,Bergy bit,Bergy bit
896,512316,51.60489702,Large,Very large
897,168.3439941,3.692383694,Bergy bit,Bergy bit
898,187.1820068,3.443561189,Bergy bit,Bergy bit
899,58.0421982,2.753743594,Bergy bit,Bergy bit
900,98.135498,2.858072816,Bergy bit,Bergy bit
901,80.6540985,3.134358943,Bergy bit,Bergy bit
902,311.7390137,3.84361822,Bergy bit,Small
903,404.4869995,4.004841064,Bergy bit,Small
904,83.6919022,2.539822368,Bergy bit,Bergy bit
905,53.7285004,2.689746609,Bergy bit,Bergy bit
906,278.6010132,2.747763081,Bergy bit,Small
907,53.4527016,2.387042871,Bergy bit,Bergy bit
908,34.5262985,2.377382061,Bergy bit,Bergy bit
909,231.7550049,3.26089727,Bergy bit,Small
910,392.7929993,3.261597884,Bergy bit,Small
911,40.5872993,3.707933263,Bergy bit,Bergy bit
912,259.5320129,0.759722453,Growler,Small
913,156.8430023,0.645995742,Growler,Bergy bit
914,191.0690002,0.380101506,Growler,Bergy bit
915,582.3599854,3.581837369,Bergy bit,Small
916,251.0310059,1.877242878,Bergy bit,Small
917,46.0056,1.177742998,Bergy bit,Bergy bit
918,31.4139004,0.966109505,Growler,Bergy bit
919,149.0549927,1.456886913,Bergy bit,Bergy bit
920,459.2999878,0.891962918,Growler,Small
921,122.1439972,1.305284,Bergy bit,Bergy bit
922,142.0370026,1.047973999,Bergy bit,Bergy bit
923,83.5845032,0.501613337,Growler,Bergy bit
924,143.3439941,0.421033751,Growler,Bergy bit
925,120.3909988,0.332537315,Growler,Bergy bit
926,280.8240051,0.508936833,Growler,Small
927,66.3052979,0.841267197,Growler,Bergy bit
928,31.3957005,0.877907679,Growler,Bergy bit
929,36.7943993,1.444814103,Bergy bit,Bergy bit
930,124.8970032,1.753404568,Bergy bit,Bergy bit
931,230.0180054,1.735754684,Bergy bit,Small
932,168.7460022,1.736511734,Bergy bit,Bergy bit
933,91.7410965,1.736892251,Bergy bit,Bergy bit
934,882.7750244,4.346019472,Bergy bit,Small
935,954.2360229,0.983537907,Growler,Small
936,726.4379883,0.950316324,Growler,Small
937,140.1139984,0.919679424,Growler,Bergy bit
938,128.1000061,0.999467785,Growler,Bergy bit
939,107.4830017,1.177239159,Bergy bit,Bergy bit
940,62.9482002,2.37909811,Bergy bit,Bergy bit
941,514.46698,3.310268277,Bergy bit,Small
